{
 "default_reads": 6500000000.0, 
 "quality_var": [
  -0.017916248376905166, 
  1.5665655476450073, 
  24.279257719849809
 ], 
 "read_length_var": 258.5883345872344, 
 "quality_mean": [
  1.4346616293668681e-07, 
  -2.9976491204213737e-06, 
  -0.0018448875998099024, 
  0.0464157514260118, 
  35.671166848829941
 ], 
 "read_length_mean": 86.69320888280438, 
 "key": "HiSeq"
}