{
  "key": "IonProton",
  "default_reads": 15539942.0,
  "read_length_mean": 143.929708747,
  "read_length_var": 3658.48601477,
  "quality_mean": [-6.7379867981998271e-09, 5.1772871137862894e-06, -0.001184554334044858, 0.077976439738947773, 20.765531631179154],
  "quality_var": [-0.00023557051917179754, 0.049943499533464761, 20.778762328136839]
}