{
  "key": "IonTorrent",
  "default_reads": 2847441.0,
  "read_length_mean": 195.56030801,
  "read_length_var": 8015.81843906,
  "quality_mean": [-2.2105138818528242e-09, 1.8350407001006958e-06, -0.00045982903602687899, 0.01387635576693939, 26.429751168049222],
  "quality_var": [-2.9899347139965085e-05, -0.00047062214130665769, 47.487825376103245]
}