{
 "default_reads": 494921.0, 
 "quality_var": [
  -1.8438689171914325e-05, 
  0.014244056963346333, 
  34.917802051025866
 ], 
 "read_length_var": 11010.182255625958, 
 "quality_mean": [
  7.2507786666556057e-10, 
  -7.6033904141160074e-07, 
  0.00019611747112939219, 
  -0.0055982307539585189, 
  27.357936701657337
 ], 
 "read_length_mean": 325.61269980461526, 
 "key": "IonTorrent 400bp"
}