{
 "default_reads": 685406.0, 
 "quality_var": [
  0.00055929630420090701, 
  -0.1481467127711526, 
  31.914608416624397
 ], 
 "read_length_var": 1887.5787956376662, 
 "quality_mean": [
  -3.7174074340163513e-09, 
  2.2848956857644428e-06, 
  -0.00053034126441579062, 
  0.051527789177084463, 
  28.236547114985868
 ], 
 "read_length_mean": 244.97825814188963, 
 "key": "IonTorrent 200bp"
}