{
 "default_reads": 19008093.0, 
 "quality_var": [
  0.00086166131491499068, 
  0.073098294713623294, 
  10.852012705828434
 ], 
 "read_length_var": 4344.666666666666, 
 "quality_mean": [
  -2.1314017282976351e-07, 
  8.2091860339806257e-05, 
  -0.010724942176367396, 
  0.46207384615206271, 
  33.553158463388741
 ], 
 "read_length_mean": 99.0, 
 "key": "Illumina MiSeq"
}