{
 "default_reads": 2670.0, 
 "quality_var": [
  -1.29954244550642e-08, 
  -0.00014541643073391413, 
  28.811968425994305
 ], 
 "read_length_var": 19744497.159049645, 
 "quality_mean": [
  -5.4202777489665337e-18, 
  5.0764865807009188e-13, 
  -1.4609016864200122e-08, 
  0.0001480688300822907, 
  4.289666668294883
 ], 
 "read_length_mean": 2321.970411985019, 
 "key": "NanoPore"
}