{
 "default_reads": 1650000000.0, 
 "quality_var": [
  0.0060305982017363905, 
  -0.18373408293910659, 
  29.529540018856029
 ], 
 "read_length_var": 0.0, 
 "quality_mean": [
  -2.324631072223849e-06, 
  0.00033675433977679078, 
  -0.016751417696295977, 
  0.30715552569802773, 
  32.726156361303659
 ], 
 "read_length_mean": 67.0, 
 "key": "NextSeq"
}