{
 "default_reads": 1000000, 
 "quality_var": [
  1.005559848088158e-05, 
  -0.15700894027578538, 
  348.69508535238197
 ], 
 "read_length_var": 134247.54507362098, 
 "quality_mean": [
  -1.955740147082328e-12, 
  1.3738201280803216e-08, 
  -2.7148076196515977e-05, 
  0.0025747859442961309, 
  42.392141674574631
 ], 
 "read_length_mean": 936.856962557846, 
 "key": "PacBio"
}